{
"站名":"色花堂",
"主页url":"https://10gaokk.com",
"数组":"<div class=\"img-box cover-md\">&&</h6>",
"图片":"data-original=\"&&\"",
"标题":"<h6 class=\"title\">&&</a>",
"链接":"href=\"&&\"",
"副标题":"<div class=\"ribbon-top-left\">&&</span>",
"线路数组":"<div class=\"item line\">&&</div>[排序:线路一>线路二>线路三]",
"线路标题":">&&</a>",
"搜索url":"https://10gaokk.com/vodsearch/{wd}----------{pg}---.html",
"搜索模式":"1",
"搜索副标题":"<span class=\"score\">&&</span>",
//"搜索链接前缀":"https://10gaokk.com",
//"搜索链接后缀":"-1-1.html",
"搜索后缀":"/vodplay/",
"播放数组":"class=\"item line\">&&</div>",
"影片类型":"<p class=\"sub-title\">&&</p>",
"导演":"class=\"data\">类型：&&</p>",
"主演":"class=\"data\">主演：&&</p>",
"简介":"<div class=\"header-left\">&&</div>",
"播放列表":"<a&&/a>",
"播放标题":">&&<",
"播放链接":"href=\"&&\"",
"播放链接前缀":"https://10gaokk.com",
//"免嗅":"1",
"分类":"国产精品&日韩亚洲&自拍偷拍&欧美精品&主播视频&中文字幕&日韩无码&动漫成人&推荐视频&同性人妖&巨乳颜射&口交自慰&制服淫穴&换脸AI区&三级综艺&重味3P&强奸乱伦&精品女优&人妻系列&极骚萝莉&HEYZO&独家诱惑&首次少女&高潮喷吹",
"分类值":"1&2&15&3&16&4&11&14&5&6&7&8&9&10&12&13&17&18&19&20&21&22&23&24",
"分类url":"https://10gaokk.com/vodtype/{cateId}-{catePg}.html"
}

